column_01,column_02,column_03,column_04,column_05,column_06,column_07,column_08,column_09,column_10,column_11,column_12,column_13,column_14,column_15,column_16,column_17,column_18,column_19,column_20,column_21,column_22,column_23,
Amanita Family,Fly Agaric,p,[10, 20],[x, f],[g, h],[e, o],[f],[e],empty,[w],[15, 20],[15, 20],[s],[y],[w],[u],[w],[t],[g, p],empty,[d],[u, a, w]
Amanita Family,Panther Cap,p,[5, 10],[p, x],[g],[n],[f],[e],empty,[w],[6, 10],[10, 20],empty,[y],[w],[u],[w],[t],[p],empty,[d],[u, a]
Amanita Family,False Panther Cap,p,[10, 15],[x, f],empty,[g, n],[f],[e],empty,[w],[10, 12],[10, 20],empty,empty,[w],[u],[w],[t],[e, g],empty,[d],[u, a]
Amanita Family,The Blusher,e,[5, 15],[x, f],empty,[n],[t],empty,empty,[w],[7, 15],[10, 25],[b],empty,[w],[u],[w],[t],[g],empty,[d],[u, a]
Amanita Family,Death Cap,p,[5, 12],[x, f],[h],[r],[f],empty,[c],[w],[10, 12],[10, 20],empty,empty,[w],[u],[w],[t],[g, p],empty,[d],[u, a]
Amanita Family,False Death Cap,e,[4, 9],[x],empty,[w, y],[f],[e],empty,[w],[5, 7],[10, 15],[b],empty,[w, y],[u],[y, w],[t],[g],empty,[d],[u, a]
Amanita Family,Destroying Angel,p,[5, 10],[b],[t],[w],[f],[e],[c],[w],[10, 15],[10, 15],empty,[y],[w],[u],[w],[t],[l, e],empty,[d],[u, a]
Amanita Family,Tawny Grisette,e,[4, 8],[c, x],[h, t],[n],[f],[e],empty,[w],[10, 15],[10, 15],empty,[s],[w, n],[u],[w],[f],[f],empty,[d],[u, a]
Lepiota Family,Parasol Mushroom,e,[10, 25],[p, f],[y],[w, n],[f],empty,empty,[w],[15, 35],[15, 25],[s],empty,[n],empty,empty,[t],[m],empty,[m, d],[u, a]
Lepiota Family,Shaggy Parasol,e,[12, 18],[x],[e, y],[n],[t],[e],empty,[w],[8, 12],[15, 20],empty,empty,[w],empty,empty,[t],empty,empty,[g, d],[u, a]
Lepiota Family,Stinking Parasol,p,[2, 5],[b, f],[y],[e, n, p, w],[f],[e],[c],[n, w],[3, 6],[3, 4],empty,[k],[w],empty,empty,[t],[e],empty,[m, d],[u, a]
Tricholoma Family,Saffron Parasol,p,[2, 5],[x],[y],[y, n],[f],[a],empty,[w],[4, 7],[3, 4],empty,[y],[y, n],empty,empty,[t],[r],empty,[g, h, d],[u, a]
Tricholoma Family,The Deceiver,e,[1, 4],[f, s],[y],[n],[f],[a, d],[d],[p],[3, 10],[2, 5],empty,[i],[n],empty,empty,[f],[f],empty,[l, h],[u, a]
Tricholoma Family,Amethyst Deceiver,e,[1, 4],[x],empty,[b, u],[f],empty,[d],[u, w],[4, 8],[3, 6],empty,empty,[w],empty,empty,[f],[f],empty,[d],[u, a, w]
Tricholoma Family,Wood Blewit,e,[5, 15],[f, s],empty,[l, u, g, n],[f],[s],[c],[b, u],[5, 10],[15, 25],empty,empty,[b, u],empty,empty,[f],[f],empty,[l, d],[a, w]
Tricholoma Family,Field Blewit,e,[5, 12],[x, f, s],empty,[g, n],[f],[s],[c],[g, p],[4, 10],[15, 25],[b],empty,[u],empty,empty,[f],[f],empty,[g, d],[a, w]
Tricholoma Family,Clouded Agaric,e,[8, 20],[x, f, s],[e],[g, n],[f],[a, d],[c],[w],[5, 12],[20, 30],[s],empty,[w],empty,empty,[f],[f],empty,[l, d],[a, w]
Tricholoma Family,Club-footed Funnel Cap,p,[4, 8],[x, f],empty,[g, n],[f],[d],[c],[w, y],[4, 7],[10],[b],empty,[n],empty,empty,[f],[f],empty,[l, d],[a, w]
Tricholoma Family,Common Funnel Cap,e,[4, 8],[s],empty,[n],[f],[d],[c],[w],[3, 7],[6, 10],empty,[s],[w],empty,empty,[f],[f],empty,[l, d, h],[u, a]
Tricholoma Family,Aniseed Funnel Cap,e,[3, 6],[x],empty,[l, r, w],[f],[a, d],empty,[r],[4, 8],[5, 10],empty,empty,[l, r, w],empty,empty,[f],[f],empty,[l, d],[u, a]
Tricholoma Family,Ivory Clitocybe,p,[2, 4],[x, f, s],[s],[w, g],[f],[d],[c],[w],[2, 4],[5, 10],empty,empty,[w],empty,empty,[f],[f],empty,[g],[u, a]
Tricholoma Family,Wood Woolly-foot,p,[3, 6],[f],[l],[n, e, y],[f],[x],[d],[n, e, y],[4, 8],[4, 6],empty,empty,[n, y],empty,empty,[f],[f],empty,[l, d],[u, a]
Tricholoma Family,Russet Tough Shank,p,[2, 5],[f],[d],[n, b],[f],[x],[c],[w, y],[3, 6],[2, 4],[b],[i, s],[n],empty,empty,[f],[f],empty,[l, d],[u, a]
Tricholoma Family,Clustered Tough Shank,p,[2, 5],[x, f],empty,[n, w],[f],[x],[c],[p],[6, 10],[3, 5],empty,empty,[n, p],empty,empty,[f],[f],empty,[l, d],[u, a]
Tricholoma Family,Greasy Tough Shank,e,[4, 8],[x, f],[s],[n, b],[f],[x],[c],[w],[5, 9],[10],empty,[s],[n],empty,empty,[f],[f],empty,[l],[a, w]
Tricholoma Family,Spotted Tough Shank,p,[6, 12],[x, f],empty,[w, n],[f],[x],[c],[w],[8, 12],[8, 15],[r],[i],[w],empty,empty,[f],[f],empty,[d, h],[u, a]
Tricholoma Family,Fairy Ring Champignon,e,[2, 5],[b],[g],[n ,w],[f],[x],[d],[w],[3, 6],[2, 4],empty,empty,[y],empty,empty,[f],[f],empty,[g],[u, a]
Tricholoma Family,Little Wheel Fungus,p,[0.7, 1.3],[x],[g],[w],[f],[a],[d],[w],[2, 4],[1, 2],empty,empty,[n, e],empty,empty,[f],[f],empty,[l, d],[u, a]
Tricholoma Family,Horse-hair Fungus,p,[0.5, 1],[x],[g],[n, p, e],[f],[a],empty,[n, p],[3, 5],[1],empty,[s, h],[k],empty,empty,[f],[f],empty,[d],[s, u, a, w]
Tricholoma Family,Bonnet Bell Cap,e,[2, 6],[b, f],[g],[n, g],[f],[a],[d],[g],[3, 8],[2, 5],empty,[s],[n, g],empty,empty,[f],[f],empty,[d],[s, u, a, w]
Tricholoma Family,Stump Bell Cap,p,[1, 3],[b],empty,[g, n],[f],[a],empty,[g],[4, 6],[2],empty,[s],[g, n],empty,empty,[f],[f],empty,[d],[u, a]
Tricholoma Family,Tufted Bell Cap,p,[2, 3],[x],[g],[e, n],[f],[a],empty,[w, p],[4, 10],[2, 3],empty,empty,[n, w],empty,empty,[f],[f],empty,[d],[u, a]
Tricholoma Family,Milky Bell Cap,e,[1, 2],[c],[g],[n],[f],[a],empty,[g, w],[4, 6],[1, 2],empty,empty,[g],empty,empty,[f],[f],empty,[l, d],[u, a]
Tricholoma Family,Small Bleeding Bell Cap,e,[0.5, 1.5],[c, x, f],[g],[n, e],[t],[a],empty,[p, w],[4, 7],[1],empty,empty,[n],empty,empty,[f],[f],empty,[d, h],[u, a]
Tricholoma Family,Lilac Bell Cap,p,[2, 5],[b, f, s],[w],[u],[f],[a],[c],[g, u],[3, 8],[3, 8],empty,[s],[u],empty,empty,[f],[f],empty,[l, d],[u, a]
Tricholoma Family,Yellow-stemmed Bell Cap,e,[1, 2],[x],[g, s, t],[n, y],[f],[a, d],empty,[w],[4, 8],[1, 3],empty,[t],[y],empty,empty,[f],[f],empty,[g, d, h],[u, a]
Tricholoma Family,Orange Bell Cap,p,[0.4, 1],[x],[g],[o, y],[f],empty,empty,[y],[3, 4],[0.5, 1],empty,empty,[w, y],empty,empty,[f],[f],empty,[d],[u, a]
Tricholoma Family,Orange Moss Agaric,p,[0.4, 1],[x, f],empty,[o],[f],[d],empty,[o],[3, 6],[1],empty,empty,[o, y],empty,empty,[f],[f],[w],[g],[u, a]
Tricholoma Family,Umbrella Navel Cap,p,[1, 2],[x],[g],[n, y],[f],[d],[d],[n],[1, 3],[2, 3],empty,[s],[n],empty,empty,[f],[f],empty,[d, h],[u, a]
Tricholoma Family,Rooting Shank,p,[4, 10],[x, f],[h, t, w],[n, e],[f],[x],empty,[w],[8, 20],[5, 10],[r],[g],[n],empty,empty,[f],[f],empty,[d],[u, a]
Tricholoma Family,Porcelain Mushroom,e,[4, 8],[x],[h, t],[g, n],[f],[a],[d],[n],[4, 8],[3, 7],empty,[t],[g, w],empty,empty,[t],[l],empty,[d],[u, a, w]
Tricholoma Family,Velvet Shank,e,[2, 7],[x, f],[h, t],[o, n],[f],[a],[d],[w, y],[3, 10],[3, 8],empty,[k, s],[o, n],empty,empty,[f],[f],empty,[d],[s, a, w]
Tricholoma Family,Honey Fungus,e,[5, 15],[x, f],[s],[e, n, y],[f],[a, d],[d],[w],[6, 12],[10, 20],empty,[i],[n],empty,empty,[t],empty,[w],[d],[u, a, w]
Tricholoma Family,Bulbous Honey Fungus,e,[5, 15],[x, f],[y],[e, n, y],[f],empty,empty,[w],[4, 10],[20, 30],[b],empty,[n],empty,[w],[t],[e],empty,[d],[a, w]
Tricholoma Family,Soap-scented Tricholoma,p,[3, 10],[x],[s],[g, r, n],[t],[s],[d],[w, r],[3, 8],[10, 20],[r],[i, y],[w, n],empty,empty,[f],[f],empty,[d],[u, a]
Tricholoma Family,Grey Tricholoma,e,[4, 8],[b, f],[h],[g, k],[f],[s],[d],[g, w],[3, 7],[10],empty,[s],[g],empty,empty,[f],[f],empty,[d],[u, a]
Tricholoma Family,Scaly Tricholoma,e,[3, 7],[x, f],[y],[g, n],[f],[s],empty,[g, w, y],[3, 6],[5, 10],empty,empty,[w],empty,empty,[f],[f],empty,[d],[u, a]
Tricholoma Family,Yellow-brown Tricholoma,e,[5, 10],[f],[g, s, h, t],[n, o],[f],[s],empty,[n, y],[7, 11],[10, 15],empty,[i, t],[n, o],empty,empty,[f],[f],empty,[d],[a]
Tricholoma Family,Sulphur Tricholoma,p,[3, 8],[x, f],empty,[y],[f],[s],[d],[y],[3, 8],[8, 18],empty,[i],[y],empty,empty,[f],[f],empty,[d],[a]
Tricholoma Family,St George's Mushroom,e,[5, 12],[x, f],[d, s],[w],[f],[s],[c],[w],[4, 10],[20, 40],empty,empty,[w],empty,empty,[f],[f],empty,[m, d],[s, u]
Tricholoma Family,Clustered Brown Cap,e,[6, 10],[p, x],empty,[g, n],[f],[a],empty,[w],[5, 10],[10, 18],empty,empty,[g, w],empty,empty,[f],[f],empty,[g, d],[u, a]
Tricholoma Family,Changeable Melanoleuca,e,[4, 10],[f],[s],[n],[f],[s],[c],[w],[4, 8],[10],[b],[i],[n, w],empty,empty,[f],[f],empty,[g, l, m, d],[u, a]
Tricholoma Family,Plums and custard,p,[4, 12],[f],[y],[e, u, y],[f],[s],[c],[y],[4, 10],[10, 25],empty,[y],[e, u, y],empty,empty,[f],[f],empty,[d],[a]
Wax Gill Family,Ivory Wax Cap,e,[2, 5],[x, f],[s],[w],[f],[d],[d],[w],[2, 5],[4, 8],empty,empty,[w],empty,empty,[f],[f],empty,[g, m],[a, w]
Wax Gill Family,Yellow Wax cap,p,[3, 6],[x],[h, s, t],[o, y],[f],[a],[c],[y],[5, 7],[5, 10],empty,[g],[o],empty,empty,[f],[f],empty,[g],[u, a]
Wax Gill Family,Orange-red Wax Cap,p,[1, 4],[x, f],[s, y],[o],[f],[a, d],empty,[o, y],[2, 4],[4, 7],empty,empty,[o, y],empty,empty,[f],[f],empty,[m, h],[a]
Wax Gill Family,Blackening Wax Cap,p,[4, 7],[b, x],[s, i],[e, o, k],[f],[e],empty,[y, g, k],[4, 10],[5, 10],empty,empty,[y, o, k],empty,empty,[f],[f],empty,[g, m],[u, a]
Wax Gill Family,Meadow Wax Cap,e,[3, 10],[x, f, s],[s, d],[o, b],[f],[d],[d],[o, b],[4, 8],[10, 15],empty,empty,[w],empty,empty,[f],[f],empty,[g, m, d],[a, w]
Wax Gill Family,Scarlet Hood,e,[2, 5],[x],[h, s, d],[o, p, e],[f],[a],[c],[o, e],[3, 6],[5, 8],empty,empty,[o, e],empty,empty,[f],[f],empty,[g, m],[u, a, w]
Wax Gill Family,Parrot Wax Cap,p,[2, 4],[b, f],[t, w, d],[r, p, y],[f],[a],empty,[r, y],[4, 6],[4, 8],empty,[t],[r, y],empty,empty,[f],[f],empty,[g, m, d],[u, a]
Wax Gill Family,Herald of Winter,e,[3, 5],[x, f],[t],[n],[f],[d],empty,[o],[5, 7],[5, 10],empty,[t],[w, o],empty,empty,[f],[f],empty,[d],[a, w]
Russula Family,Common Yellow Russula,e,[4, 10],[x, f, s],empty,[y],[f],[a],[c],[w],[4, 8],[10, 20],empty,empty,[g,  w],empty,empty,[f],[f],empty,[d],[u, a, w]
Russula Family,Yellow-gilled Russula,e,[2, 6],[x],empty,[y],[f],[a],[c],[o, y],[2, 6],[6, 12],empty,empty,[w],empty,empty,[f],[f],empty,[d],[u, a]
Russula Family,Yellow Swamp Russula,e,[4, 10],[x],[h, t],[y],[t],[x],[c],[y],[5, 10],[10, 20],empty,empty,[w],empty,empty,[f],[f],empty,[d],[u, a]
Russula Family,Geranium-scented Russula,p,[4, 10],[x, f, s],[t],[n, y],[f],[x],[c],[y],[3, 8],[10, 20],empty,empty,[y],empty,empty,[f],[f],empty,[d],[a]
Russula Family,Stinking Russula,p,[6, 15],[x],[t],[n],[f],[a],[d],[w],[6, 15],[20, 40],empty,empty,[w],empty,empty,[f],[f],empty,[d],[u, a]
Russula Family,Fragile Russula,p,[2, 6],[f, s],empty,[u],[f],[a],empty,[w],[3, 6],[5, 10],empty,empty,[w, y],empty,empty,[f],[f],empty,[d],[u, a]
Russula Family,Birch Russula,p,[2, 6],[x, f],empty,[b, p, e, y],[f],[x],empty,[w],[3, 7],[5, 8],empty,empty,[w],empty,empty,[f],[f],empty,[d],[u, a]
Russula Family,Bare-toothed Russula,e,[5, 10],[x, f],empty,[n, p, e],[f],[x],[c],[w],[4, 10],[10, 25],empty,[s],[w],empty,empty,[f],[f],empty,[d],[u, a]
Russula Family,The Charcoal Burner,e,[5, 15],[x],[e],[l, y],[f],[x],[c],[w],[5, 10],[10, 30],empty,empty,[w],empty,empty,[f],[f],empty,[d],[u, a]
Russula Family,Blackish Purple Russula,e,[4, 12],[x, f],[s],[u, k],[f],[a],[c],[w],[3, 6],[10, 20],empty,empty,[w],empty,empty,[f],[f],empty,[d],[u, a]
Russula Family,Blackening Russula,e,[8, 25],[x, f, s],[s, t],[k, n, w],[f],[a],[d],[y, k],[4, 10],[15, 30],empty,empty,[w],empty,empty,[f],[f],[w],[d],[u, a, w]
Russula Family,The Sickener,p,[5, 10],[x, f],[h, t],[e],[f],[x],[d],[w],[4, 8],[15, 20],[b],empty,[w],empty,empty,[f],[f],empty,[d],[u, a]
Russula Family,Beechwood Sickener,p,[3, 7],[x],empty,[e, p, w],[f],empty,[c],[g, r, w],[2, 5],[10, 15],empty,empty,[y],empty,empty,[f],[f],empty,[d],[a]
Russula Family,Crab-scented Russula,e,[7, 15],[x, f, s],[s],[n, r, u, y],[f],[x],empty,[n],[4, 10],[15, 30],empty,empty,[n, p, w],empty,empty,[f],[f],empty,[d],[u, a, w]
Russula Family,Grass-green Russula,p,[5, 10],[f],empty,[r, y],[f],[x],[c],[y, n],[5, 8],[8, 15],empty,empty,[w],empty,empty,[f],[f],empty,[d],[u, a]
Russula Family,Peppery Milk Cap,e,[8, 15],[s],empty,[w],[t],[d],[c],[w, p, y],[4, 8],[20, 30],empty,empty,[w],empty,empty,[f],[f],empty,[d],[u, a]
Russula Family,Fleecy Milk Cap,p,[10, 25],[x, f, s],[k],[w],[t],[d],[d],[w, n],[4, 10],[20, 40],empty,empty,[w],empty,empty,[f],[f],empty,[d],[u, a, w]
Russula Family,Oak Milk Cap,p,[4, 9],[x, s],[d],[n, e],[t],[d],[c],[n, w],[4, 10],[6, 12],empty,empty,[e, n],empty,empty,[f],[f],empty,[d],[a]
Russula Family,Slimy Milk Cap,p,[5, 10],[s],[h, t],[g, r, n],[t],[d],empty,[w, g],[4, 5],[10, 15],empty,[t],[g, r, n],empty,empty,[f],[f],empty,[d],[u, a]
Russula Family,Ugly Milk Cap,p,[7, 20],[x, f, s],[t],[g, r, k, n],[t],[d],[c],[w, b, n],[4, 6],[20, 30],empty,empty,[g, r, n],empty,empty,[f],[f],empty,[g, l, d],[u, a]
Russula Family,Rufous Milk Cap,p,[4, 10],[f, s],[d],[n, e],[t],[d],[c],[y, w],[4, 8],[6, 12],empty,empty,[n, e],empty,empty,[f],[f],empty,[d],[u, a]
Russula Family,Sweet Milk Cap,p,[3, 8],[s],empty,[e, n],[t],[d],[c],[b, p, w],[4, 8],[4, 8],empty,empty,[e, n],empty,empty,[f],[f],empty,[d],[u, a]
Russula Family,Small Brown Milk Cap,p,[2, 4],[f, s],[w],[n, o],[t],[d],[c],[n, y],[2, 5],[4, 8],empty,empty,[n],empty,empty,[f],[f],empty,[d],[u, a]
Russula Family,Coconut-scented Milk Cap,e,[2, 5],[f, s],[d],[g, u, n, p],[t],[d],[c],[p],[3, 6],[4, 8],empty,empty,[g, n],empty,empty,[f],[f],empty,[d],[u, a]
Russula Family,Woolly Milk Cap,p,[6, 12],[s],[t],[p],[t],[d],[c],[p],[6, 10],[10, 20],empty,empty,[p],empty,empty,[t],[f],empty,[d],[u, a]
Russula Family,Saffron Milk Cap,e,[5, 15],[s],[t],[w, p, o],[t],[d],[c],[o],[4, 8],[15, 20],empty,empty,[w],empty,empty,[f],[f],empty,[d],[u, a]
Russula Family,Spruce Milk Cap,p,[5, 12],[s],empty,[o, y, r],[t],[d],empty,[o],[3, 7],[10, 15],empty,empty,[w],empty,empty,[t],[f],empty,[d],[u, a]
Pluteus Family,Fawn Pluteus,e,[6, 12],[x],[s],[n],[f],[e],[c],[w, p],[4, 10],[8, 12],empty,[i],[w, n],empty,empty,[f],[f],[p],[d],[s, u, a, w]
Pluteus Family,Veined Pluteus,e,[4, 9],[x],[y],[n],[f],[e],[c],[p, w],[3, 8],[8, 12],empty,[y],[n],empty,empty,[f],[f],empty,[d],[u, a]
Entoloma Family,Silky Nolanea,p,[2, 5],[x, f],[k],[n, w],[f],[s],empty,[p],[3, 5],[2, 4],empty,empty,[n],empty,empty,[f],[f],[p],[g],[u, a]
Entoloma Family,Striated Nolanea,p,[3, 5],[b, f],[t],[n],[f],[x],[c],[p],[4, 8],[3, 6],empty,[i],[n, g],empty,empty,[f],[f],empty,[g, m, d],[u, a]
Entoloma Family,White Leptonia,p,[2, 4],[x, s],[d],[w],[f],[a, d],[d],[p, w],[2, 5],[2, 3],empty,[h],[w],empty,empty,[f],[f],empty,[g],[u, a]
Entoloma Family,Blue Leptonia,p,[1, 3],[x, f],[i],[l, k],[f],[a],empty,[p, w],[2, 6],[2, 3],empty,empty,[w],empty,empty,[f],[f],[p],[g],[u, a]
Entoloma Family,Livid Entoloma,p,[6, 18],[x],[s, h],[w, y, g, n],[f],[s],empty,[p, y],[5, 10],[15, 20],empty,[i],[n],empty,empty,[f],[f],empty,[d],[u, a]
Entoloma Family,The Miller,e,[4, 10],[x, s],[l],[w],[f],[d],empty,[p, w],[3, 4],[6, 12],empty,empty,[w],empty,empty,[f],[f],empty,[g, d],[u, a]
Entoloma Family,Apricot Fungus,p,[5, 10],[x, f],[w],[p],[f],[s],[c],[p],[3, 6],[8, 12],empty,empty,[p],empty,empty,[f],[f],empty,[d],[a, w]
Bolbitius Family,Egg Yolk Fungus,p,[1, 3],[c, f],[h, t],[y, n],[f],empty,empty,[y, n],[5, 10],[2, 4],empty,empty,[y],empty,empty,[f],[f],empty,[g],[u, a]
Bolbitius Family,Brown Bell Cap,p,[1, 3],[b],[g],[n, o, y, w],[f],empty,[c],[n],[4, 8],[2, 4],empty,empty,[n],empty,empty,[f],[f],empty,[g, m, d],[s, u, a]
Bolbitius Family,Spring Agaric,e,[3, 6],[x],empty,[n, w],[f],[x],[c],[w, n],[7, 9],[6, 12],[b],empty,[n, w],empty,[w],[t],empty,empty,[g, d],[s, u, a]
Stropharia Family,Shaggy Pholiota,p,[4, 12],[x],[y],[y, n],[f],[a],[c],[y, n],[6, 15],[7, 15],empty,[y],[y, n],empty,empty,[t],empty,empty,[d],[u, a]
Stropharia Family,Charcoal Pholiota,p,[2, 6],[x],[h, t],[n, o],[f],[a],[c],[n],[3, 6],[4, 8],empty,[y],[n, o],empty,empty,[t],[z],empty,[d],[a, w]
Stropharia Family,Brown Stew Fungus,e,[3, 8],[x],[h],[n],[f],[x],[c],[w, n],[3, 8],[4, 8],empty,[y, s],[n],empty,empty,[t],[r],empty,[d],[s, u, a, w]
Stropharia Family,Sulphur Tuft,p,[2, 6],[b, x],[s],[y],[f],empty,[c],[y, r, k],[5, 12],[5, 10],empty,empty,[y],[u],[w],[t],[z],[k, r],[d],[s, u, a, w]
Stropharia Family,Brick Caps,p,[4, 8],[x],[e],[e],[f],[a],empty,[w, y, g, n],[6, 10],[8, 12],empty,empty,[y, e, n],empty,[w],[t],[z],empty,[d],[a]
Stropharia Family,Verdigris Toadstool,p,[2, 6],[b, x],[h, t, y],[r, l],[f],[s],[c],[g, n, u],[4, 8],[5, 10],empty,[y],[w, l, n],empty,empty,[t],[e],[k, u],[g, m, d],[u, a]
Stropharia Family,Dung Roundhead,p,[1, 3],[p],[t],[n],[f],[a],[c],[g, n],[4, 10],[2, 3],empty,[t],[y],empty,empty,[t],[e],empty,[m],[s, u, a]
Stropharia Family,Magic Mushroom,p,[0.5, 1.5],[b],[t],[n, y],[f],empty,[c],[g, k],[2, 5],[2, 3],empty,empty,[n],empty,empty,[t],[f],empty,[g, m],[u, a]
Cortinarius Family,Red-banded Cortinarius,p,[6, 12],[x],[i, e],[n],[f],[a],empty,[n],[6, 15],[10, 20],[s],empty,[n],empty,[e, n],[f],[f],empty,[d, h],[a]
Cortinarius Family,Purple Cortinarius,p,[5, 12],[x],empty,[g, u, n],[t],[x],empty,[n, u],[6, 12],[15, 25],[s],empty,[g, u, n],empty,[u],[f],[f],empty,[d],[a]
Cortinarius Family,Blood-red Cortinarius,p,[2, 5],[x],[i],[e],[f],empty,empty,[e],[3, 6],[3, 8],empty,empty,[e],empty,empty,[f],[f],[n],[d],[a]
Cortinarius Family,Red-staining Inocybe,p,[3, 8],[c],[k, e],[w, y],[t],[x],[c],[p, y, r],[3, 10],[10, 15],empty,empty,[w],empty,empty,[f],[f],empty,[g, d],[s, u, a]
Cortinarius Family,Straw-coloured Inocybe,p,[3, 7],[c],[i],[y],[f],empty,[c],[n, r],[5, 8],[5, 10],empty,empty,[w],empty,empty,[f],[f],empty,[d],[u, a]
Cortinarius Family,Common White Inocybe,p,[1, 4],[c, f],empty,[w, u],[f],[a],[c],[w, n],[2, 5],[3, 4],empty,[i],[w, u],empty,empty,[f],[f],empty,[p, d],[u, a]
Cortinarius Family,Poison Pie,p,[4, 10],[x],[s, t],[n],[f],[s],empty,[g, n],[4, 7],[5, 10],empty,[y],[n],empty,empty,[f],[f],empty,[d],[a, w]
Cortinarius Family,Dark-centred Hebeloma,p,[2, 5],[x],[t],[n],[f],[s],[c],[n, p],[4, 7],[5, 12],empty,empty,[w],empty,[n],[t],[z],empty,[d],[u, a]
Cortinarius Family,Rusty Wood Rotter,p,[4, 8],[b, x, f],[d, k],[n],[f],[a, d],[c],[y, n],[4, 7],[5, 8],empty,[i],[y, n],empty,empty,[t],empty,empty,[d],[u, a]
Cortinarius Family,Spectacular Gymnopile,p,[6, 15],[x],[d, e, y, i],[y, o],[f],[a],empty,[o, y],[6, 18],[15, 30],[r],empty,[o, y],empty,empty,[t],[r],[n],[d],[u, a, w]
Cortinarius Family,Moss Pixy Cap,p,[1, 2],[b],[h],[n],[f],[a],empty,[n],[3, 6],[1, 2],empty,[t],[n],empty,empty,[f],[f],empty,[g, h, d],[s, u, a]
Mushroom Family,Field Mushroom,e,[3, 10],[p, x, f],[s, y],[w],[f],[e],[c],[p, n, k],[3, 7],[10, 15],empty,empty,[w],empty,[w],[t],[e],empty,[g, m],[u, a]
Mushroom Family,Cultivated Mushroom,e,[3, 10],[f, x],[i, y],[n],[f],[e],[c],[p, n],[3, 6],[10, 15],empty,empty,[w],empty,empty,[t],[l, r],empty,[w],[u, a]
Mushroom Family,Horse Mushroom,e,[5, 20],[p, x, f],[s],[w, n],[t],[e],empty,[g, n],[5, 15],[15, 20],[s],empty,[w],empty,empty,[t],[l, r],empty,[m],[u, a]
Mushroom Family,Yellow-staining Mushroom,p,[5, 10],[x],[y],[w],[t],empty,empty,[w, g, p, n],[6, 10],[10, 18],[s],empty,[w],empty,empty,[t],[l],empty,[g, d],[u, a]
Mushroom Family,Bleeding Brown Mushroom,e,[8, 12],[p, x],[i, y],[n],[t],[e],empty,[p],[8, 10],[15, 20],empty,[y],[w],empty,empty,[t],[l, p],empty,[l, d],[a]
Ink Cap Family,Shaggy Ink Cap,e,[5, 15],[p, f],[y, s],[w],[f],[e],[c],[k, p, w],[8, 30],[10, 15],empty,[s],[w],empty,empty,[t],[e],empty,[g, u, d],[s, u, a, w]
Ink Cap Family,Common Ink Cap,p,[4, 8],[p, b],[s, y],[g, n],[f],empty,empty,[w, g, k],[5, 15],[10, 15],empty,[s],[w],empty,empty,[t],[z],empty,[g, d],[s, u, a, w]
Ink Cap Family,Magpie Ink Cap,p,[6, 10],[p, b],[y],[w, n],[f],empty,empty,[k, p],[10, 20],[15, 20],empty,empty,[w],empty,empty,[f],[f],empty,[d],[a]
Ink Cap Family,Rusty Carpet Ink Cap,p,[2, 5],[b],[y],[n],[f],empty,[c],[w, g, u],[4, 8],[4, 5],[s],[s],[w],empty,empty,[f],[f],empty,[d],[u, a]
Ink Cap Family,Glistening Ink Cap,e,[2, 4],[b],[y],[n],[f],empty,[c],[k, n],[5, 8],[2, 4],empty,empty,[w],empty,empty,[f],[f],empty,[d],[s, u, a, w]
Ink Cap Family,Fairies' Bonnets,e,[0.5, 1.5],[p, b],[g],[w, g],[f],empty,empty,[g],[2, 4],[1, 2],empty,empty,[w],empty,empty,[f],[f],empty,[d],[s, u, a, w]
Ink Cap Family,Fairy Parasol,e,[1, 2],[x, f],[w],[n, g],[f],empty,[d],[g, k],[4, 6],[2, 3],empty,empty,[w],empty,empty,[f],[f],empty,[g, d],[s, u, a, w]
Ink Cap Family,Common Crumble Cap,e,[3, 6],[x, f],empty,[n, y, w],[f],[x],[c],[w, u, g, n],[5, 8],[3, 5],empty,empty,[w],empty,empty,[f],[f],empty,[d],[u, a]
Ink Cap Family,Two-toned Crumble Cap,e,[2, 5],[x, f],[h],[n],[f],empty,[c],[k, n],[4, 8],[5, 8],empty,[s],[w],empty,[w],[f],[f],[k],[d],[u, a]
Ink Cap Family,Hay Cap,p,[1, 2],[x],empty,[n],[f],empty,empty,[k, n],[4, 6],[2, 3],empty,[s],[n],empty,empty,[f],[f],[k],[g],[u, a]
Ink Cap Family,Petticoat Fungus,p,[2, 4],[b],empty,[g, n, k],[f],[a],empty,[k, n],[6, 12],[2, 3],empty,empty,[g, n],empty,[w],[f],[f],[k],[g],[u, a]
Ink Cap Family,Egg-shell Toadstool,p,[2, 6],[b],[t, h],[n],[f],empty,empty,[k, n],[5, 15],[4, 8],empty,empty,[w],empty,empty,[t],empty,[k],[g],[u, a, w]
Ink Cap Family,Weeping Widow,p,[5, 10],[x],[i],[n, y],[f],[a],[c],[k, n],[6, 10],[6, 10],empty,[i],[n],empty,[k],[t],[z],[k],[g, d],[u, a]
Bolete Family,Cep,e,[8, 30],[x, p],[w, t],[n],[f],[p],empty,[w, y],[8, 25],[40, 100],empty,empty,[n],empty,empty,[f],[f],empty,[d],[u, a]
Bolete Family,Bay Bolete,e,[7, 15],[x],[h, t],[n],[t],[p],empty,[y],[5, 12],[20, 25],empty,empty,[n],empty,empty,[f],[f],empty,[d],[u, a]
Bolete Family,Red-cracked Bolete,e,[5, 10],[x],[d],[n, y, e],[t],[p],empty,[y, r],[4, 8],[10, 15],empty,empty,[e, y],empty,empty,[f],[f],empty,[d],[u, a]
Bolete Family,Yellow-cracked Bolete,e,[3, 10],[x],[d],[n, y],[t],[p],empty,[y],[4, 10],[10, 20],empty,empty,[y],empty,empty,[f],[f],empty,[d],[u, a]
Bolete Family,Dotted-stemmed Bolete,p,[8, 20],[x],[e, k, s, h],[n],[t],[p],empty,[y, o, e],[6, 12],[20, 40],[c],empty,[y],empty,empty,[f],[f],empty,[d],[u, a]
Bolete Family,Lurid Bolete,p,[8, 14],[x],[e],[n, y],[t],[p],empty,[o, e],[5, 12],[15, 40],empty,empty,[u, e],empty,empty,[f],[f],empty,[d],[u, a]
Bolete Family,Parasitic Bolete,e,[2, 5],[x],[d, k],[n],[f],[p],empty,[y, e, n],[3, 6],[8, 12],empty,empty,[n, y],empty,empty,[f],[f],empty,[d],[a]
Bolete Family,Bitter Bolete,p,[5, 14],[x, p],empty,[n],[f],[p],empty,[w, p],[6, 14],[20, 40],[c],empty,[n],empty,empty,[f],[f],[p, w],[d],[u, a]
Bolete Family,Peppery Bolete,e,[3, 6],[x],[s, t],[n, o],[f],[p],empty,[n],[3, 8],[8, 15],empty,empty,[e, n],empty,empty,[f],[f],empty,[d],[u, a]
Bolete Family,Orange Birch Bolete,e,[12, 25],[p, x],[d],[n, o, e],[f],[p],empty,[w, n],[12, 20],[30, 40],[s],[y],[w],empty,empty,[f],[f],empty,[d],[u, a]
Bolete Family,Brown Birch Bolete,e,[5, 10],[x],empty,[g, n],[t],[p],empty,[g],[8, 15],[20, 30],empty,[y],[w],empty,empty,[f],[f],empty,[d],[u, a]
Bolete Family,Larch Bolete,e,[4, 12],[x],[t, h],[y],[f],[p],empty,[y],[5, 10],[12, 18],empty,empty,[y],empty,[y],[t],empty,empty,[d],[u, a]
Bolete Family,Slippery Jack,e,[6, 12],[x],[t, h, s],[n],[t],[p],empty,[y, n],[5, 10],[15, 20],empty,empty,[n],empty,[w],[t],[p],empty,[d],[u, a]
Bolete Family,Shallow-pored Bolete,e,[4, 12],[x],[h, t],[n],[f],[p],[d],[y],[4, 10],[10, 15],empty,[s],[n],empty,empty,[f],[f],empty,[g, h, d],[u, a]
Paxillus Family,Brown Roll-rim,p,[7, 15],[x, f, s],[t],[r, n],[t],[d],[c],[n],[4, 8],[10, 20],empty,empty,[n],empty,empty,[f],[f],empty,[h, d],[u, a]
Paxillus Family,Velvet Roll-rim,p,[8, 25],[f, s],[d, k, s],[n],[f],[d],[c],[y],[4, 8],[20, 50],empty,[k],[k, n],empty,empty,[f],[f],empty,[d],[u, a]
Paxillus Family,False Chanterelle,p,[3, 8],[s],[d],[o, y],[f],[d],[c],[o, y],[2, 5],[5, 8],empty,empty,[o, y],empty,empty,[f],[f],empty,[h, d],[u, a]
Chanterelle Family,Chanterelle,e,[2, 10],[x, f, s],[w],[y],[f],[f],[f],[f],[2, 8],[8, 20],empty,empty,[y],empty,empty,[f],[f],empty,[d],[u, a]
Chanterelle Family,Tubed Chanterelle,e,[2, 5],[s],empty,[n, y],[f],[f],[f],[f],[5, 8],[5, 10],empty,empty,[o, y],empty,empty,[f],[f],empty,[d],[a]
Chanterelle Family,Horn of Plenty,e,[2, 8],[s, o],[l],[n],[f],[f],[f],[f],[4, 10],[20, 80],empty,empty,[n],empty,empty,[f],[f],[g],[l, d],[u, a, w]
Oyster Mushroom Family,Oyster Mushroom,e,[5, 18],[f],empty,[l, g, b, w],[f],[d],[c],[w, y],[2, 3],[10, 20],empty,empty,[w],empty,empty,[f],[f],empty,[d],[a, w]
Oyster Mushroom Family,Branched Oyster Mushroom,e,[5, 12],[s, o],empty,[n],[f],empty,empty,[w],[2, 7],[15, 30],empty,empty,[n],empty,empty,[f],[f],empty,[d],[u, a]
Tricholoma Family,Olive-brown Panellus,p,[3, 12],[o],[e, t, k],[y, o, r, n],[f],empty,[c],[o, y],[1, 2],[10, 20],empty,empty,[y, n],empty,empty,[f],[f],empty,[d],[a, w]
Crepidotus Family,Soft Slipper Toadstool,p,[2, 7],[o],[s, t],[n, w],[f],empty,[c],[w],[0],[0],[f],[f],[f],empty,empty,[f],[f],[n],[d],[u, a]
Hydnum Family,Hedgehog Fungus,e,[6, 14],[f],[e],[b],[f],empty,[c],[b],[4, 6],[15, 25],empty,empty,[w],empty,empty,[t],[f],empty,[d],[a]
Ear-Pick Family,Ear-pick Fungus,p,[1, 2],[x, o],[k],[n],[f],empty,empty,[n],[2, 6],[1, 2],empty,empty,[n],empty,empty,[f],[f],empty,[d],[s, u, a, w]
Bracket Fungi,Hairy Stereum,p,[2, 6],[o],[s],[y, o, g, n, r],[f],[f],[f],[f],[0],[0],[f],[f],[f],empty,empty,[t],[f],empty,[d],[s, u, a, w]
Bracket Fungi,Silver Leaf Fungus,p,[2, 4],[o],[l],[g],[f],[f],[f],[f],[0],[0],[f],[f],[f],empty,empty,[f],[f],empty,[d],[s, u, a, w]
Bracket Fungi,Dryad's Saddle,e,[50],[o],[y],[y],[f],[p],empty,[y],[3, 10],[10, 60],empty,[k],[k, n],empty,empty,[f],[f],empty,[d],[s, u]
Bracket Fungi,Fuzzy Polypore,p,[8, 30],[f, x],[g, s, d],[o, e, n, k],[f],[p],empty,[y],[3, 8],[20, 60],empty,empty,[n],empty,empty,[f],[f],empty,[d],[a, w]
Bracket Fungi,Brown Goblet,p,[3, 7],[f, s],[k],[n, y],[f],[p],empty,[n],[2, 5],[3, 8],empty,[k],[n],empty,empty,[t],[f],empty,[d],[u]
Saddle-Cup Family,White Saddle,p,[2, 6],[o],empty,[w],[f],[f],[f],[f],[4, 7],[20, 40],empty,[g],[w],empty,empty,[t],[f],empty,[p, d],[u, a]
Bracket Fungi,Elfin's Saddle,p,[2, 4],[o],empty,[g, k],[f],[f],[f],[f],[2, 5],[10, 20],empty,[g],[g, n],empty,empty,[f],[f],empty,[d],[u, a]
Bracket Fungi,Turban Fungus,p,[5, 15],[o],empty,[n, e],[f],[f],[f],[f],[2, 5],[20, 30],empty,[g],[n],empty,empty,[f],[f],empty,[d],[s, u]
Morel Family,Common Morel,e,[3, 8],[p, c, o],empty,[n, g],[f],[f],[f],[f],[3, 8],[15, 25],empty,empty,[n],empty,empty,[f],[f],empty,[l, d],[s]
Jelly Discs Family,Jelly Babies,p,[1, 1.5],[x, f, s],[s],[y],[f],[f],[f],[f],[2, 5],[4, 7],empty,empty,[y],empty,empty,[f],[f],empty,[d],[u, a]
